[
    { "sid": "20235067", "cid": "SSH1141", "term": "20241", "score": 8.2 },
    { "sid": "20235067", "cid": "SSH1131", "term": "20241", "score": 5.7 },
    { "sid": "20235067", "cid": "PH1120", "term": "20241", "score": 8.3 },
    { "sid": "20235067", "cid": "PE2301", "term": "20241", "score": 4.0 },
    { "sid": "20235067", "cid": "MI3052", "term": "20241", "score": 4.2 },
    { "sid": "20235067", "cid": "MI2020", "term": "20241", "score": 7.0 },
    { "sid": "20235067", "cid": "ME3123", "term": "20241", "score": 10.0 },
    { "sid": "20235067", "cid": "IT3100", "term": "20241", "score": 7.3 },
    { "sid": "20235067", "cid": "IT3080", "term": "20241", "score": 7.2 },
    { "sid": "20235067", "cid": "IT3030", "term": "20241", "score": 9.0 },
    { "sid": "20235067", "cid": "SSH1151", "term": "20242", "score": 0.0 },
    { "sid": "20235067", "cid": "PE2261", "term": "20242", "score": 7.0 },
    { "sid": "20235067", "cid": "PE2251", "term": "20242", "score": 6.3 },
    { "sid": "20235067", "cid": "MI1131", "term": "20242", "score": 6.8 },
    { "sid": "20235067", "cid": "IT3160", "term": "20242", "score": 9.0 },
    { "sid": "20235067", "cid": "IT3090", "term": "20242", "score": 9.0 },
    { "sid": "20235067", "cid": "IT3070", "term": "20242", "score": 7.5 },
    { "sid": "20235067", "cid": "IT2030", "term": "20242", "score": 8.0 },
    { "sid": "20235067", "cid": "EM1180", "term": "20242", "score": 8.5 },

    { "sid": "202423058", "cid": "SSH1151", "term": "20251", "score": 7.0 },
    { "sid": "202423058", "cid": "PH1120", "term": "20241", "score": 6.8 },
    { "sid": "202423058", "cid": "IT3100", "term": "20241", "score": 7.3 },
    { "sid": "202423058", "cid": "MI1131", "term": "20242", "score": 8.2 },
    { "sid": "202423058", "cid": "PE2301", "term": "20252", "score": 9.5 },
    { "sid": "202423058", "cid": "IT3070", "term": "20252", "score": 8.4 },
    { "sid": "202527643", "cid": "SSH1131", "term": "20252", "score": 8.1 },
    { "sid": "202527643", "cid": "IT3080", "term": "20241", "score": 8.0 },
    { "sid": "202527643", "cid": "IT3030", "term": "20241", "score": 8.5 },
    { "sid": "202527643", "cid": "MI3052", "term": "20242", "score": 7.7 },
    { "sid": "202527643", "cid": "IT3160", "term": "20251", "score": 9.2 },
    { "sid": "202527643", "cid": "PE2251", "term": "20252", "score": 9.0 },
    { "sid": "20221904", "cid": "SSH1141", "term": "20251", "score": 8.8 },
    { "sid": "20221904", "cid": "IT3090", "term": "20241", "score": 7.9 },
    { "sid": "20221904", "cid": "IT3100", "term": "20241", "score": 8.4 },
    { "sid": "20221904", "cid": "MI1131", "term": "20242", "score": 7.2 },
    { "sid": "20221904", "cid": "IT3160", "term": "20252", "score": 9.3 },
    { "sid": "20221904", "cid": "PE2261", "term": "20252", "score": 10.0 },
    { "sid": "20232102", "cid": "SSH1151", "term": "20251", "score": 7.6 },
    { "sid": "20232102", "cid": "IT3030", "term": "20241", "score": 6.8 },
    { "sid": "20232102", "cid": "MI2020", "term": "20241", "score": 7.5 },
    { "sid": "20232102", "cid": "MI3052", "term": "20242", "score": 8.1 },
    { "sid": "20232102", "cid": "IT3160", "term": "20242", "score": 9.0 },
    { "sid": "20232102", "cid": "EM1180", "term": "20252", "score": 8.7 }
]
